Index Trading Symbol;Index Name;Index ISIN;Symbol;TRUENAMES;NAME;TICKER;Transparency Level;Exchange;Index Value (close);Index Settlement Value (Future);Index Settlement Value (Kassa);Index Settlement Value (Option);Constant A (last regular rebalancing) (Index);Kt (last regular rebalancing) (Index);Market Cap. (in Mio.) (last regular rebalancing) (Index);# Constituents;Performance (1d) (Index);Performance (1m) (Index);Performance (12m) (Index);Performance (ytd) (Index);Volatility (1m) (Index);Volatility (12m) (Index);Sharpe Ratio (1m) (Index);Sharpe Ratio (12m) (Index);pit;pi0 (last regular rebalancing);qi0 (last regular rebalancing);qit (last regular rebalancing);ffit (last regular rebalancing);ci (last regular rebalancing);Market Cap. (in Mio.) (last regular rebalancing);Weight (last regular rebalancing);Fi (last regular rebalancing);Fi (norm 1m EUR) (last regular rebalancing);Fi (norm Index) (last regular rebalancing);Quintil;Performance (1d);Performance (1m);Performance (12m);Performance (ytd);Volatility (1m);Volatility (12m);Sharpe Ratio (1m);Sharpe Ratio (12m);Beta (1m);Beta (12m);Correlation (1m);Correlation (12m)
MKDX;MDAX KURSINDEX;DE0008467531;AIR;AIRBUS SE;NL0000235190;AIR.DE;Prime Standard;XETRA;18.436,59;AIR.DE;n/a;n/a;2.300,26;8,5054875;331.595;60;0,77%;2,48%;29,59%;12,93%;12,81%;14,76%;0,6644;2,0097;115,18;19;811.198.500;432.111.517;0,7395;1;36.019,28;10,86%;39,608328;963,665746;17,76671;1;2,49%;7,44%;80,45%;26,13%;35,31%;40,40%;0,7152;1,9832;1,8327;1,6235;0,6647;0,5932
MKDX;MDAX KURSINDEX;DE0008467531;AIXA;AIXTRON SE NA O.N.;DE000A0WMPJ6;AIXA.DE;Prime Standard;XETRA;18.436,59;AIXA.DE;n/a;n/a;2.300,26;8,5054875;331.595;60;0,77%;2,48%;29,59%;12,93%;12,81%;14,76%;0,6644;2,0097;21,13;107,37;1.000.000;112.927.320;0,9904;1;2.471,74;0,75%;13,863157;337,288905;6,218457;4;3,22%;-8,84%;111,00%;49,17%;32,12%;46,34%;-0,9234;2,3828;1,6689;1,34;0,6654;0,4268
MKDX;MDAX KURSINDEX;DE0008467531;AOX;ALSTRIA OFFICE REIT-AG;DE000A0LD2U1;AOX.DE;Prime Standard;XETRA;18.436,59;AOX.DE;n/a;n/a;2.300,26;8,5054875;331.595;60;0,77%;2,48%;29,59%;12,93%;12,81%;14,76%;0,6644;2,0097;18,06;16,3;56.000.000;177.792.747;1;1,000678;2.780,78;0,84%;22,052655;536,53838;9,891938;3;2,32%;15,33%;50,25%;27,71%;40,79%;26,85%;1,2703;1,8677;1,205;0,6869;0,3783;0,3776
MKDX;MDAX KURSINDEX;DE0008467531;AT1;AROUNDTOWN EO-,01;LU1673108939;AT1.DE;Prime Standard;XETRA;18.436,59;AT1.DE;n/a;n/a;2.300,26;8,5054875;331.595;60;0,77%;2,48%;29,59%;12,93%;12,81%;14,76%;0,6644;2,0097;6,678;4,62;853.354.579;1.537.025.609;0,6471;1;6.836,94;2,06%;123,28351;2.999,47;55,300047;2;1,55%;3,86%;41,96%;12,89%;28,21%;34,72%;0,4672;1,2077;1,6237;1,0169;0,7371;0,4323
MKDX;MDAX KURSINDEX;DE0008467531;NDA;AURUBIS AG;DE0006766504;NDA.DE;Prime Standard;XETRA;18.436,59;NDA.DE;n/a;n/a;2.300,26;8,5054875;331.595;60;0,77%;2,48%;29,59%;12,93%;12,81%;14,76%;0,6644;2,0097;85,68;13,04;32.000.000;44.956.723;0,7211;1;2.480,00;0,75%;4,018303;97,764806;1,80245;4;-1,86%;9,90%;47,35%;37,25%;29,15%;30,90%;1,1506;1,5299;1,3732;1,0089;0,6033;0,4819
MKDX;MDAX KURSINDEX;DE0008467531;AG1;AUTO1 GROUP SE  INH O.N.;DE000A2LQ884;AG1.DE;Prime Standard;XETRA;18.436,59;AG1.DE;n/a;n/a;2.300,26;8,5054875;331.595;60;0,77%;2,48%;29,59%;12,93%;12,81%;14,76%;0,6644;2,0097;41,32;n/a;n/a;n/a;n/a;n/a;n/a;n/a;n/a;n/a;n/a;3;2,79%;18,97%;n/a;n/a;24,53%;n/a;2,6139;n/a;0,5903;n/a;0,3081;n/a
MKDX;MDAX KURSINDEX;DE0008467531;BC8;BECHTLE AG O.N.;DE0005158703;BC8.DE;Prime Standard;XETRA;18.436,59;BC8.DE;n/a;n/a;2.300,26;8,5054875;331.595;60;0,77%;2,48%;29,59%;12,93%;12,81%;14,76%;0,6644;2,0097;170,55;31,62;20.000.000;42.000.000;0,6498;1;4.130,58;1,25%;3,38284;82,304087;1,517407;3;1,49%;9,86%;5,68%;-3,56%;15,51%;29,80%;2,1526;0,1994;0,7716;1,1789;0,6372;0,584
MKDX;MDAX KURSINDEX;DE0008467531;BEI;BEIERSDORF AG O.N.;DE0005200000;BEI.DE;Prime Standard;XETRA;18.436,59;BEI.DE;n/a;n/a;2.300,26;8,5054875;331.595;60;0,77%;2,48%;29,59%;12,93%;12,81%;14,76%;0,6644;2,0097;100,85;219,86;3.469.812;252.000.000;0,3883;1;10.103,18;3,05%;12,128872;295,093969;5,440527;1;-0,44%;-1,80%;-0,40%;7,62%;12,29%;20,49%;-0,4814;-0,0047;0,4866;0,563;0,5071;0,4056
MKDX;MDAX KURSINDEX;DE0008467531;BNR;BRENNTAG SE NA O.N.;DE000A1DAHH0;BNR.DE;Prime Standard;XETRA;18.436,59;BNR.DE;n/a;n/a;2.300,26;8,5054875;331.595;60;0,77%;2,48%;29,59%;12,93%;12,81%;14,76%;0,6644;2,0097;84;51,1;51.500.000;154.500.000;1;1;11.933,58;3,60%;19,150538;465,930227;8,590165;1;-0,64%;6,44%;57,94%;35,00%;13,24%;21,30%;1,6504;2,7126;0,4812;0,7865;0,4653;0,5449
MKDX;MDAX KURSINDEX;DE0008467531;COK;CANCOM SE O.N.;DE0005419105;COK.DE;Prime Standard;XETRA;18.436,59;COK.DE;n/a;n/a;2.300,26;8,5054875;331.595;60;0,77%;2,48%;29,59%;12,93%;12,81%;14,76%;0,6644;2,0097;51,24;21,5;1.800.000;38.548.001;1;1;1.911,98;0,58%;4,77809;116,250349;2,14326;5;0,67%;0,72%;5,38%;14,62%;23,67%;34,08%;0,1093;0,1654;1,5076;1,3082;0,8155;0,5666
MKDX;MDAX KURSINDEX;DE0008467531;AFX;CARL ZEISS MEDITEC AG;DE0005313704;AFX.DE;Prime Standard;XETRA;18.436,59;AFX.DE;n/a;n/a;2.300,26;8,5054875;331.595;60;0,77%;2,48%;29,59%;12,93%;12,81%;14,76%;0,6644;2,0097;186,65;34,5;6.000.000;89.440.570;0,4086;1;5.768,69;1,74%;4,529867;110,211096;2,031917;2;2,19%;12,88%;112,30%;71,97%;18,18%;25,75%;2,3966;4,3376;0,519;0,8796;0,3655;0,5041
MKDX;MDAX KURSINDEX;DE0008467531;CBK;COMMERZBANK AG;DE000CBK1001;CBK.DE;Prime Standard;XETRA;18.436,59;CBK.DE;n/a;n/a;2.300,26;8,5054875;331.595;60;0,77%;2,48%;29,59%;12,93%;12,81%;14,76%;0,6644;2,0097;5,357;109,42;20.799.181;1.252.357.634;0,7939;1;6.112,63;1,84%;123,238571;2.998,38;55,27989;2;-0,35%;-12,14%;17,09%;1,73%;27,06%;41,59%;-1,506;0,415;1,0752;0,8976;0,5088;0,3185
MKDX;MDAX KURSINDEX;DE0008467531;COP;COMPUGROUP MED. NA O.N.;DE000A288904;COP.DE;Prime Standard;XETRA;18.436,59;COP.DE;n/a;n/a;2.300,26;8,5054875;331.595;60;0,77%;2,48%;29,59%;12,93%;12,81%;14,76%;0,6644;2,0097;67,45;17,6;53.219.350;53.734.576;0,4955;1;1.802,55;0,54%;3,300274;80,295256;1,480371;5;-0,07%;1,12%;-6,39%;-13,53%;21,82%;32,85%;0,1809;-0,1837;0,92;0,9976;0,54;0,4482
MKDX;MDAX KURSINDEX;DE0008467531;EVD;CTS EVENTIM KGAA;DE0005470306;EVD.DE;Prime Standard;XETRA;18.436,59;EVD.DE;n/a;n/a;2.300,26;8,5054875;331.595;60;0,77%;2,48%;29,59%;12,93%;12,81%;14,76%;0,6644;2,0097;58,46;25,5;12.000.000;96.000.000;0,6116;1;3.393,65;1,02%;7,277651;177,064343;3,264463;3;2,56%;5,71%;73,88%;7,46%;28,00%;37,54%;0,6935;1,9606;1,3969;1,1153;0,6388;0,4385
MKDX;MDAX KURSINDEX;DE0008467531;DUE;DUERR AG O.N.;DE0005565204;DUE.DE;Prime Standard;XETRA;18.436,59;DUE.DE;n/a;n/a;2.300,26;8,5054875;331.595;60;0,77%;2,48%;29,59%;12,93%;12,81%;14,76%;0,6644;2,0097;40,66;322,11;1.000.000;69.202.080;0,7104;1;1.582,99;0,48%;6,093609;148,256759;2,733349;5;3,51%;22,99%;79,40%;22,79%;45,44%;33,97%;1,7089;2,3277;1,1242;1,2638;0,3168;0,5491
MKDX;MDAX KURSINDEX;DE0008467531;ECV;ENCAVIS AG  INH. O.N.;DE0006095003;ECV.DE;Prime Standard;XETRA;18.436,59;ECV.DE;n/a;n/a;2.300,26;8,5054875;331.595;60;0,77%;2,48%;29,59%;12,93%;12,81%;14,76%;0,6644;2,0097;15,67;104,81;1.200.000;138.437.234;0,7325;1;1.550,49;0,47%;12,569356;305,810888;5,63811;5;4,89%;-1,45%;20,16%;-25,26%;44,38%;44,27%;-0,1063;0,4587;2,3833;1,4831;0,6876;0,4945
MKDX;MDAX KURSINDEX;DE0008467531;EVK;EVONIK INDUSTRIES NA O.N.;DE000EVNK013;EVK.DE;Prime Standard;XETRA;18.436,59;EVK.DE;n/a;n/a;2.300,26;8,5054875;331.595;60;0,77%;2,48%;29,59%;12,93%;12,81%;14,76%;0,6644;2,0097;29,29;33;466.000.000;466.000.000;0,4109;1;5.374,83;1,62%;23,734197;577,450099;10,646211;2;-0,07%;4,72%;28,83%;14,16%;17,78%;20,50%;0,9037;1,4098;0,6027;0,7897;0,4342;0,5685
MKDX;MDAX KURSINDEX;DE0008467531;EVT;EVOTEC SE  INH O.N.;DE0005664809;EVT.DE;Prime Standard;XETRA;18.436,59;EVT.DE;n/a;n/a;2.300,26;8,5054875;331.595;60;0,77%;2,48%;29,59%;12,93%;12,81%;14,76%;0,6644;2,0097;34,87;24;11.433.000;164.552.603;0,8273;1;4.971,63;1,50%;16,874086;410,544448;7,56904;2;1,87%;-9,52%;50,37%;15,16%;32,17%;36,71%;-0,993;1,3694;0,9687;1,0398;0,3856;0,4181
MKDX;MDAX KURSINDEX;DE0008467531;FRA;FRAPORT AG FFM.AIRPORT;DE0005773303;FRA.DE;Prime Standard;XETRA;18.436,59;FRA.DE;n/a;n/a;2.300,26;8,5054875;331.595;60;0,77%;2,48%;29,59%;12,93%;12,81%;14,76%;0,6644;2,0097;56,3;35,19;86.700.000;92.468.704;0,3984;1;2.311,31;0,70%;4,566323;111,098067;2,04827;4;2,77%;-4,87%;64,81%;14,06%;30,94%;50,05%;-0,5252;1,2907;1,7424;1,2153;0,7212;0,3584
MKDX;MDAX KURSINDEX;DE0008467531;FNTN;FREENET AG NA O.N.;DE000A0Z2ZZ5;FNTN.DE;Prime Standard;XETRA;18.436,59;FNTN.DE;n/a;n/a;2.300,26;8,5054875;331.595;60;0,77%;2,48%;29,59%;12,93%;12,81%;14,76%;0,6644;2,0097;20,19;21,16;96.061.016;128.061.016;0,967;1;2.708,27;0,82%;15,349559;373,452885;6,885198;4;-0,49%;1,23%;54,06%;27,00%;14,87%;26,10%;0,289;2,0665;0,7044;0,5853;0,6067;0,331
MKDX;MDAX KURSINDEX;DE0008467531;FPE3;FUCHS PETROL.SE VZO O.N.;DE0005790430;FPE3.DE;Prime Standard;XETRA;18.436,59;FPE3.DE;n/a;n/a;2.300,26;8,5054875;331.595;60;0,77%;2,48%;29,59%;12,93%;12,81%;14,76%;0,6644;2,0097;41,2;66,47;280.000;69.500.000;1;1;2.896,76;0,87%;8,614643;209,593209;3,864184;4;0,44%;-0,05%;10,55%;-9,21%;13,13%;22,10%;-0,0006;0,4873;0,655;0,7534;0,6389;0,5032
MKDX;MDAX KURSINDEX;DE0008467531;G1A;GEA GROUP AG;DE0006602006;G1A.DE;Prime Standard;XETRA;18.436,59;G1A.DE;n/a;n/a;2.300,26;8,5054875;331.595;60;0,77%;2,48%;29,59%;12,93%;12,81%;14,76%;0,6644;2,0097;35,65;107,88;5.600.000;180.492.172;0,82;1;5.027,68;1,52%;18,345295;446,338784;8,228965;2;1,16%;4,64%;12,10%;24,66%;18,98%;25,04%;0,8317;0,4915;0,9656;0,7384;0,6514;0,4353
MKDX;MDAX KURSINDEX;DE0008467531;GXI;GERRESHEIMER AG;DE000A0LD6E6;GXI.DE;Prime Standard;XETRA;18.436,59;GXI.DE;n/a;n/a;2.300,26;8,5054875;331.595;60;0,77%;2,48%;29,59%;12,93%;12,81%;14,76%;0,6644;2,0097;86,35;40;31.400.000;31.400.000;0,8995;1;2.623,90;0,79%;3,500929;85,177172;1,570377;4;0,64%;-7,94%;-7,90%;-0,24%;38,77%;25,12%;-0,6865;-0,3;0,9242;0,8313;0,3052;0,4884
MKDX;MDAX KURSINDEX;DE0008467531;GYC;GRAND CITY PROPERT.EO-,10;LU0775917882;GYC.DE;Prime Standard;XETRA;18.436,59;GYC.DE;n/a;n/a;2.300,26;8,5054875;331.595;60;0,77%;2,48%;29,59%;12,93%;12,81%;14,76%;0,6644;2,0097;22,38;2,8;50.000.000;171.864.050;0,5804;1;2.330,16;0,70%;12,364169;300,818712;5,546071;4;0,18%;0,78%;17,21%;10,78%;13,92%;19,77%;0,1995;0,879;0,6958;0,6839;0,6401;0,5106
MKDX;MDAX KURSINDEX;DE0008467531;HNR1;HANNOVER RUECK SE NA O.N.;DE0008402215;HNR1.DE;Prime Standard;XETRA;18.436,59;HNR1.DE;n/a;n/a;2.300,26;8,5054875;331.595;60;0,77%;2,48%;29,59%;12,93%;12,81%;14,76%;0,6644;2,0097;142,15;38,55;7.062.151;120.597.134;0,4978;1;8.629,78;2,60%;7,441224;181,04406;3,337835;2;-0,63%;-0,84%;1,85%;17,32%;25,16%;24,84%;-0,106;0,0861;1,5425;0,8661;0,7851;0,5146
MKDX;MDAX KURSINDEX;DE0008467531;HLE;HELLA GMBH+CO. KGAA O.N.;DE000A13SX22;HLE.DE;Prime Standard;XETRA;18.436,59;HLE.DE;n/a;n/a;2.300,26;8,5054875;331.595;60;0,77%;2,48%;29,59%;12,93%;12,81%;14,76%;0,6644;2,0097;59,2;27,5;111.111.112;111.111.112;0,4;1;2.475,56;0,75%;5,508964;134,032429;2,471101;4;1,23%;4,41%;52,66%;11,91%;24,74%;34,05%;0,6072;1,5431;1,0618;1,2034;0,5497;0,5216
MKDX;MDAX KURSINDEX;DE0008467531;HFG;HELLOFRESH SE  INH O.N.;DE000A161408;HFG.DE;Prime Standard;XETRA;18.436,59;HFG.DE;n/a;n/a;2.300,26;8,5054875;331.595;60;0,77%;2,48%;29,59%;12,93%;12,81%;14,76%;0,6644;2,0097;83,46;10,6;160.128.752;173.864.414;0,9982;1;14.290,23;4,31%;21,511998;523,384273;9,649421;1;0,31%;2,66%;87,05%;32,06%;35,49%;53,92%;0,2567;1,6072;0,7107;1,0715;0,2564;0,2933
MKDX;MDAX KURSINDEX;DE0008467531;HOT;HOCHTIEF AG;DE0006070006;HOT.DE;Prime Standard;XETRA;18.436,59;HOT.DE;n/a;n/a;2.300,26;8,5054875;331.595;60;0,77%;2,48%;29,59%;12,93%;12,81%;14,76%;0,6644;2,0097;68,46;210,65;4.000.000;70.646.707;0,281;1;1.296,71;0,39%;2,460655;59,867434;1,103751;5;3,04%;4,55%;-4,39%;-9,44%;27,41%;36,94%;0,5654;-0,1096;1,4012;1,2667;0,6546;0,5062
MKDX;MDAX KURSINDEX;DE0008467531;BOSS;HUGO BOSS AG NA O.N.;DE000A1PHFF7;BOSS.DE;Prime Standard;XETRA;18.436,59;BOSS.DE;n/a;n/a;2.300,26;8,5054875;331.595;60;0,77%;2,48%;29,59%;12,93%;12,81%;14,76%;0,6644;2,0097;50,38;732,02;147.000;70.400.000;0,7745;1;2.486,88;0,75%;6,758442;164,432055;3,031566;4;-0,20%;9,40%;113,32%;84,79%;21,10%;37,50%;1,5096;3,006;0,9223;1,0887;0,5598;0,4285
MKDX;MDAX KURSINDEX;DE0008467531;SDF;K+S AG NA O.N.;DE000KSAG888;SDF.DE;Prime Standard;XETRA;18.436,59;SDF.DE;n/a;n/a;2.300,26;8,5054875;331.595;60;0,77%;2,48%;29,59%;12,93%;12,81%;14,76%;0,6644;2,0097;12,235;62,38;2.497.550;191.400.000;1;1;2.129,33;0,64%;23,724355;577,21065;10,641796;4;-0,65%;8,47%;107,51%;57,10%;40,37%;49,94%;0,7109;2,1417;1,2185;1,3662;0,3865;0,4037
MKDX;MDAX KURSINDEX;DE0008467531;KGX;KION GROUP AG;DE000KGX8881;KGX.DE;Prime Standard;XETRA;18.436,59;KGX.DE;n/a;n/a;2.300,26;8,5054875;331.595;60;0,77%;2,48%;29,59%;12,93%;12,81%;14,76%;0,6644;2,0097;88,66;24,19;98.900.000;131.198.647;0,5468;1;6.244,20;1,88%;8,892223;216,346695;3,988695;2;-0,11%;-2,34%;27,32%;25,21%;22,07%;30,24%;-0,3496;0,9063;1,2512;1,1702;0,7259;0,5711
MKDX;MDAX KURSINDEX;DE0008467531;KBX;KNORR-BREMSE AG  INH O.N.;DE000KBX1006;KBX.DE;Prime Standard;XETRA;18.436,59;KBX.DE;n/a;n/a;2.300,26;8,5054875;331.595;60;0,77%;2,48%;29,59%;12,93%;12,81%;14,76%;0,6644;2,0097;96,06;80,1;161.200.000;161.200.000;0,41;1;7.058,63;2,13%;8,192216;199,315602;3,6747;2;-0,29%;-14,99%;-6,17%;-12,71%;55,61%;25,68%;-0,9059;-0,2265;-0,525;0,5061;-0,1209;0,2908
MKDX;MDAX KURSINDEX;DE0008467531;LXS;LANXESS AG;DE0005470405;LXS.DE;Prime Standard;XETRA;18.436,59;LXS.DE;n/a;n/a;2.300,26;8,5054875;331.595;60;0,77%;2,48%;29,59%;12,93%;12,81%;14,76%;0,6644;2,0097;60,68;15,75;73.034.192;87.447.852;0,9349;1;4.748,33;1,43%;10,133671;246,550966;4,545559;2;0,23%;5,90%;35,44%;-1,71%;22,57%;29,17%;0,8879;1,2156;0,7805;1,1032;0,4428;0,5581
MKDX;MDAX KURSINDEX;DE0008467531;LEG;LEG IMMOBILIEN SE NA O.N.;DE000LEG1110;LEG.DE;Prime Standard;XETRA;18.436,59;LEG.DE;n/a;n/a;2.300,26;8,5054875;331.595;60;0,77%;2,48%;29,59%;12,93%;12,81%;14,76%;0,6644;2,0097;132,5;44,5;52.963.444;72.095.943;1;1;8.799,31;2,65%;8,936415;217,421871;4,008518;1;0,76%;7,90%;19,92%;7,59%;14,74%;18,28%;1,8169;1,0976;0,6237;0,5188;0,5418;0,4189
MKDX;MDAX KURSINDEX;DE0008467531;LHA;LUFTHANSA AG VNA O.N.;DE0008232125;LHA.DE;Prime Standard;XETRA;18.436,59;LHA.DE;n/a;n/a;2.300,26;8,5054875;331.595;60;0,77%;2,48%;29,59%;12,93%;12,81%;14,76%;0,6644;2,0097;9,945;69,28;21.780.000;597.742.822;0,7153;1;4.417,61;1,33%;52,997463;1.289,42;23,77254;2;0,41%;4,72%;25,57%;-8,04%;26,07%;48,79%;0,6159;0,5261;0,6982;1,3414;0,3429;0,4058
MKDX;MDAX KURSINDEX;DE0008467531;MOR;MORPHOSYS AG O.N.;DE0006632003;MOR.DE;Prime Standard;XETRA;18.436,59;MOR.DE;n/a;n/a;2.300,26;8,5054875;331.595;60;0,77%;2,48%;29,59%;12,93%;12,81%;14,76%;0,6644;2,0097;45,15;31;3.429.640;32.890.046;0,996;1;2.213,82;0,67%;4,06047;98,790736;1,821364;5;-0,35%;-33,15%;-59,36%;-51,88%;58,97%;42,23%;-1,8924;-1,3875;2,2116;1,203;0,4803;0,4205
MKDX;MDAX KURSINDEX;DE0008467531;NEM;NEMETSCHEK SE O.N.;DE0006452907;NEM.DE;Prime Standard;XETRA;18.436,59;NEM.DE;n/a;n/a;2.300,26;8,5054875;331.595;60;0,77%;2,48%;29,59%;12,93%;12,81%;14,76%;0,6644;2,0097;74,46;75;9.625.000;115.500.000;0,4843;1;3.543,03;1,07%;6,933443;168,689812;3,110065;3;3,19%;13,78%;17,61%;23,94%;20,65%;36,73%;2,2581;0,484;0,8063;1,2307;0,5001;0,4946
MKDX;MDAX KURSINDEX;DE0008467531;NDX1;NORDEX SE O.N.;DE000A0D6554;NDX1.DE;Prime Standard;XETRA;18.436,59;NDX1.DE;n/a;n/a;2.300,26;8,5054875;331.595;60;0,77%;2,48%;29,59%;12,93%;12,81%;14,76%;0,6644;2,0097;16,32;8,95;52.050.000;117.348.759;0,669;1;1.384,85;0,42%;9,730992;236,753834;4,364933;5;3,49%;-11,64%;85,87%;-21,45%;59,81%;57,39%;-0,6533;1,4897;0,9717;2,0255;0,208;0,5209
MKDX;MDAX KURSINDEX;DE0008467531;PAH3;PORSCHE AUTOM.HLDG VZO;DE000PAH0038;PAH3.DE;General Standard;XETRA;18.436,59;PAH3.DE;n/a;n/a;2.300,26;8,5054875;331.595;60;0,77%;2,48%;29,59%;12,93%;12,81%;14,76%;0,6644;2,0097;90,24;1.186,03;8.750.000;153.125.000;1;1;14.108,94;4,25%;18,980104;461,783599;8,513715;1;1,17%;-1,65%;82,26%;63,92%;34,70%;34,00%;-0,1558;2,4096;2,1588;1,2356;0,7967;0,5364
MKDX;MDAX KURSINDEX;DE0008467531;PSM;PROSIEBENSAT.1  NA O.N.;DE000PSM7770;PSM.DE;Prime Standard;XETRA;18.436,59;PSM.DE;n/a;n/a;2.300,26;8,5054875;331.595;60;0,77%;2,48%;29,59%;12,93%;12,81%;14,76%;0,6644;2,0097;16,565;44,48;17.500.000;233.000.000;0,8472;1;3.268,90;0,99%;24,467768;595,29779;10,975261;3;-0,87%;-0,42%;75,39%;23,63%;25,87%;37,70%;-0,0488;1,9921;1,4899;1,0735;0,7375;0,4203
MKDX;MDAX KURSINDEX;DE0008467531;PUM;PUMA SE;DE0006969603;PUM.DE;Prime Standard;XETRA;18.436,59;PUM.DE;n/a;n/a;2.300,26;8,5054875;331.595;60;0,77%;2,48%;29,59%;12,93%;12,81%;14,76%;0,6644;2,0097;103,95;99,7;280.000;150.824.640;0,6076;1;8.694,90;2,62%;11,359064;276,364633;5,095221;1;-0,19%;5,00%;55,80%;12,85%;18,74%;25,95%;0,9079;2,1455;1,0987;0,9472;0,7509;0,5389
MKDX;MDAX KURSINDEX;DE0008467531;QIA;QIAGEN NV         EO -,01;NL0012169213;QIA.DE;Prime Standard;XETRA;18.436,59;QIA.DE;n/a;n/a;2.300,26;8,5054875;331.595;60;0,77%;2,48%;29,59%;12,93%;12,81%;14,76%;0,6644;2,0097;43,86;40,14;16.769.026;230.829.309;0,991;1;9.102,04;2,74%;28,35418;689,853716;12,71855;1;0,83%;6,51%;4,43%;3,32%;29,52%;26,36%;0,7483;0,1782;0,1085;0,4897;0,0471;0,2742
MKDX;MDAX KURSINDEX;DE0008467531;RAA;RATIONAL AG;DE0007010803;RAA.DE;Prime Standard;XETRA;18.436,59;RAA.DE;n/a;n/a;2.300,26;8,5054875;331.595;60;0,77%;2,48%;29,59%;12,93%;12,81%;14,76%;0,6644;2,0097;914,6;35;2.482.032;11.370.000;0,4485;1;3.738,91;1,13%;0,632085;15,378547;0,283528;3;-1,53%;18,13%;74,30%;20,85%;28,09%;33,41%;2,1822;2,2156;1,1561;1,1011;0,5271;0,4865
MKDX;MDAX KURSINDEX;DE0008467531;RHM;RHEINMETALL AG;DE0007030009;RHM.DE;Prime Standard;XETRA;18.436,59;RHM.DE;n/a;n/a;2.300,26;8,5054875;331.595;60;0,77%;2,48%;29,59%;12,93%;12,81%;14,76%;0,6644;2,0097;81,76;99,7;900.000;43.558.850;0,9917;1;3.634,62;1,10%;5,35438;130,271412;2,401761;3;0,47%;-0,78%;-2,47%;-3,31%;24,92%;30,79%;-0,0988;-0,0698;1,0288;1,2102;0,5287;0,5801
MKDX;MDAX KURSINDEX;DE0008467531;SRT3;SARTORIUS AG VZO O.N.;DE0007165631;SRT3.DE;Prime Standard;XETRA;18.436,59;SRT3.DE;n/a;n/a;2.300,26;8,5054875;331.595;60;0,77%;2,48%;29,59%;12,93%;12,81%;14,76%;0,6644;2,0097;500,4;311,89;60.000;37.440.000;0,6571;1;10.143,33;3,06%;3,049438;74,192449;1,367856;1;0,91%;14,53%;52,53%;45,87%;29,42%;35,38%;1,6708;1,4815;-0,2324;0,8731;-0,1012;0,3642
MKDX;MDAX KURSINDEX;DE0008467531;G24;SCOUT24 AG NA O.N.;DE000A12DM80;G24.DE;Prime Standard;XETRA;18.436,59;G24.DE;n/a;n/a;2.300,26;8,5054875;331.595;60;0,77%;2,48%;29,59%;12,93%;12,81%;14,76%;0,6644;2,0097;71,64;30,75;107.600.000;105.700.000;0,9256;1,01182;6.674,06;2,01%;12,270269;298,534134;5,503951;2;1,56%;2,85%;-1,18%;9,36%;17,72%;22,44%;0,5516;-0,0385;0,674;0,734;0,4871;0,4828
MKDX;MDAX KURSINDEX;DE0008467531;SAE;SHOP APOTHEKE EUROPE INH.;NL0012044747;SAE.DE;Prime Standard;XETRA;18.436,59;SAE.DE;n/a;n/a;2.300,26;8,5054875;331.595;60;0,77%;2,48%;29,59%;12,93%;12,81%;14,76%;0,6644;2,0097;132,9;30,05;9.069.878;17.935.121;0,7356;1;2.233,59;0,67%;1,635304;39,786747;0,733532;5;2,94%;-19,60%;-6,54%;-10,32%;63,75%;62,39%;-1,034;-0,0991;1,887;1,5112;0,3791;0,3575
MKDX;MDAX KURSINDEX;DE0008467531;SHL;SIEMENS HEALTH.AG NA O.N.;DE000SHL1006;SHL.DE;Prime Standard;XETRA;18.436,59;SHL.DE;n/a;n/a;2.300,26;8,5054875;331.595;60;0,77%;2,48%;29,59%;12,93%;12,81%;14,76%;0,6644;2,0097;55,18;29,1;1.000.000.000;1.075.000.000;0,2093;1;11.247,63;3,39%;27,888823;678,531626;12,509809;1;0,47%;5,79%;24,24%;33,63%;14,72%;22,13%;1,3362;1,1005;0,4861;0,5298;0,4227;0,3535
MKDX;MDAX KURSINDEX;DE0008467531;SOW;SOFTWARE AG  NA O.N.;DE000A2GS401;SOW.DE;Prime Standard;XETRA;18.436,59;SOW.DE;n/a;n/a;2.300,26;8,5054875;331.595;60;0,77%;2,48%;29,59%;12,93%;12,81%;14,76%;0,6644;2,0097;40,58;29,6;26.090.000;74.000.000;0,6624;1;1.841,10;0,56%;6,075815;147,823828;2,725367;5;-0,05%;5,13%;4,19%;24,50%;27,89%;29,64%;0,6256;0,1506;0,716;1,0073;0,3288;0,5017
MKDX;MDAX KURSINDEX;DE0008467531;SAX;STROEER SE + CO. KGAA;DE0007493991;SAX.DE;Prime Standard;XETRA;18.436,59;SAX.DE;n/a;n/a;2.300,26;8,5054875;331.595;60;0,77%;2,48%;29,59%;12,93%;12,81%;14,76%;0,6644;2,0097;67,05;20,6;41.458.238;56.646.571;0,4861;1;1.895,85;0,57%;3,413121;83,040824;1,53099;5;0,83%;-1,76%;19,94%;-17,22%;14,92%;28,80%;-0,3869;0,6973;0,694;0,6746;0,5958;0,3457
MKDX;MDAX KURSINDEX;DE0008467531;SY1;SYMRISE AG INH. O.N.;DE000SYM9999;SY1.DE;Prime Standard;XETRA;18.436,59;SY1.DE;n/a;n/a;2.300,26;8,5054875;331.595;60;0,77%;2,48%;29,59%;12,93%;12,81%;14,76%;0,6644;2,0097;123,45;17,25;118.173.300;135.426.610;0,8976;1;13.930,65;4,20%;15,067435;366,588852;6,758648;1;0,28%;4,49%;16,09%;14,91%;12,38%;19,38%;1,2342;0,8395;0,2797;0,5233;0,2894;0,3987
MKDX;MDAX KURSINDEX;DE0008467531;TEG;TAG IMMOBILIEN AG;DE0008303504;TEG.DE;Prime Standard;XETRA;18.436,59;TEG.DE;n/a;n/a;2.300,26;8,5054875;331.595;60;0,77%;2,48%;29,59%;12,93%;12,81%;14,76%;0,6644;2,0097;27,84;74;900.000;146.498.765;1;1;4.003,81;1,21%;18,158771;441,800665;8,145298;3;0,40%;2,92%;29,76%;11,53%;14,46%;22,28%;0,6914;1,3389;0,5274;0,6345;0,4669;0,4204
MKDX;MDAX KURSINDEX;DE0008467531;TMV;TEAMVIEWER AG  INH O.N.;DE000A2YN900;TMV.DE;Prime Standard;XETRA;18.436,59;TMV.DE;n/a;n/a;2.300,26;8,5054875;331.595;60;0,77%;2,48%;29,59%;12,93%;12,81%;14,76%;0,6644;2,0097;29,17;26,25;200.000.000;201.070.931;0,8003;1;5.459,92;1,65%;19,945944;485,282363;8,946952;3;2,06%;-9,47%;-36,89%;-33,45%;63,17%;44,74%;-0,5027;-0,8112;2,5131;1,3231;0,5094;0,4365
MKDX;MDAX KURSINDEX;DE0008467531;O2D;TELEFONICA DTLD HLDG NA;DE000A1J5RX9;O2D.DE;Prime Standard;XETRA;18.436,59;O2D.DE;n/a;n/a;2.300,26;8,5054875;331.595;60;0,77%;2,48%;29,59%;12,93%;12,81%;14,76%;0,6644;2,0097;2,262;5,7;1.116.945.400;2.974.554.993;0,3078;1;2.032,56;0,61%;113,486213;2.761,11;50,905372;5;-7,48%;1,71%;1,10%;8,18%;34,89%;25,51%;0,1696;0,0546;0,3411;0,4104;0,1252;0,2375
MKDX;MDAX KURSINDEX;DE0008467531;TKA;THYSSENKRUPP AG O.N.;DE0007500001;TKA.DE;Prime Standard;XETRA;18.436,59;TKA.DE;n/a;n/a;2.300,26;8,5054875;331.595;60;0,77%;2,48%;29,59%;12,93%;12,81%;14,76%;0,6644;2,0097;8,522;53,43;31.300.000;622.531.741;0,7907;1;4.144,63;1,25%;61,01347;1.484,45;27,3682;3;1,72%;-1,68%;22,58%;4,90%;41,29%;54,98%;-0,1337;0,4131;1,9956;1,5581;0,6189;0,4183
MKDX;MDAX KURSINDEX;DE0008467531;UN01;UNIPER SE  NA O.N.;DE000UNSE018;UN01.DE;Prime Standard;XETRA;18.436,59;UN01.DE;n/a;n/a;2.300,26;8,5054875;331.595;60;0,77%;2,48%;29,59%;12,93%;12,81%;14,76%;0,6644;2,0097;33,15;10,3;365.960.000;365.960.000;0,2499;1;2.798,47;0,84%;11,335805;275,79874;5,084788;4;1,13%;7,07%;16,19%;22,93%;12,81%;20,39%;1,8743;0,8026;0,5316;0,7034;0,5316;0,5092
MKDX;MDAX KURSINDEX;DE0008467531;UTDI;UTD.INTERNET AG NA;DE0005089031;UTDI.DE;Prime Standard;XETRA;18.436,59;UTDI.DE;n/a;n/a;2.300,26;8,5054875;331.595;60;0,77%;2,48%;29,59%;12,93%;12,81%;14,76%;0,6644;2,0097;35,4;122,2;2.640.000;194.000.000;0,4879;1;3.253,21;0,98%;11,732351;285,44665;5,262663;3;0,20%;2,91%;-8,07%;4,35%;16,12%;35,26%;0,6175;-0,2184;0,9369;1,1828;0,7441;0,4951
MKDX;MDAX KURSINDEX;DE0008467531;VAR1;VARTA AG O.N.;DE000A0TGJ55;VAR1.DE;Prime Standard;XETRA;18.436,59;VAR1.DE;n/a;n/a;2.300,26;8,5054875;331.595;60;0,77%;2,48%;29,59%;12,93%;12,81%;14,76%;0,6644;2,0097;142,55;n/a;n/a;n/a;n/a;n/a;n/a;n/a;n/a;n/a;n/a;4;n/a;n/a;n/a;n/a;n/a;n/a;n/a;n/a;n/a;n/a;n/a;n/a
MKDX;MDAX KURSINDEX;DE0008467531;WCH;WACKER CHEMIE        O.N.;DE000WCH8881;WCH.DE;Prime Standard;XETRA;18.436,59;WCH.DE;n/a;n/a;2.300,26;8,5054875;331.595;60;0,77%;2,48%;29,59%;12,93%;12,81%;14,76%;0,6644;2,0097;125,05;90;52.152.600;52.152.600;0,2876;1;1.860,64;0,56%;1,859162;45,233193;0,833946;5;1,50%;-4,76%;60,47%;8,84%;30,37%;34,50%;-0,5233;1,748;1,6683;1,268;0,7035;0,5425
MKDX;MDAX KURSINDEX;DE0008467531;ZAL;ZALANDO SE;DE000ZAL1111;ZAL.DE;Prime Standard;XETRA;18.436,59;ZAL.DE;n/a;n/a;2.300,26;8,5054875;331.595;60;0,77%;2,48%;29,59%;12,93%;12,81%;14,76%;0,6644;2,0097;97,9;24,1;244.762.223;255.264.213;0,6715;1;17.014,15;5,13%;21,246551;516,925971;9,530352;1;0,33%;-2,93%;51,08%;7,51%;28,72%;35,57%;-0,3379;1,4334;1,3909;1,2081;0,6201;0,5014
